<?xml version="1.0" encoding="UTF-8"?>

<databaseChangeLog
  xmlns="http://www.liquibase.org/xml/ns/dbchangelog"
  xmlns:xsi="http://www.w3.org/2001/XMLSchema-instance"
  xsi:schemaLocation="http://www.liquibase.org/xml/ns/dbchangelog
         http://www.liquibase.org/xml/ns/dbchangelog/dbchangelog-3.1.xsd">

    <changeSet id="v0.0.1-changeset1" author="Georg">
        <sql>CREATE SCHEMA storage;</sql>

        <sql>CREATE USER postgrest WITH PASSWORD 'postgres-wrapper-pw';</sql> <!-- Role for postgrest itself -->
        <sql>GRANT USAGE ON SCHEMA storage TO postgrest;</sql> <!-- grant for schema -->
        <sql>ALTER DEFAULT PRIVILEGES IN SCHEMA storage GRANT ALL ON TABLES TO postgrest;</sql>  <!-- grant for all future tables -->
        <sql>GRANT ALL ON ALL TABLES IN SCHEMA storage TO postgrest;</sql> <!-- grant for all existing tables -->

        <sql>CREATE ROLE web_anon NOLOGIN;</sql> <!-- Role used by Postgrest user requests when not authed -->
        <sql>GRANT web_anon TO postgrest;</sql>
        <sql>GRANT USAGE ON SCHEMA storage TO web_anon;</sql> <!-- grant for schema -->
        <sql>ALTER DEFAULT PRIVILEGES IN SCHEMA storage GRANT SELECT ON TABLES TO web_anon;</sql> <!-- grant read priviledges for all future tables -->
        <sql>GRANT SELECT ON ALL TABLES IN SCHEMA storage TO web_anon;</sql> <!-- grant read priviledges for all existing tables -->


        <sql>CREATE USER storagemq WITH PASSWORD 'storagemq-pw';</sql>  <!-- Role for storage-mq -->
        <sql>GRANT ALL ON SCHEMA storage TO storagemq;</sql>
        <sql>GRANT ALL ON ALL TABLES IN SCHEMA storage TO storagemq;</sql>

        <sql>ALTER DEFAULT PRIVILEGES FOR USER storagemq IN SCHEMA storage GRANT ALL ON TABLES TO postgrest;</sql> <!-- allow postgrest to access created tables -->
        <sql>ALTER DEFAULT PRIVILEGES FOR USER storagemq IN SCHEMA storage GRANT SELECT ON TABLES TO web_anon;</sql> <!-- allow web_anon to access created tables -->
    </changeSet>
</databaseChangeLog>
